{
  "Айароц": 188561.0,
  "Ючелыгув": 641673.0,
  "Экюч": 55128.98770375143,
  "Ытяпэв": 195334.0659280299,
  "Ужосум": 188561.0
}